news_title,target
Farming practices improve crop yield,1
Irrigation methods for sustainable agriculture,1
Soil health critical for farming,1
Organic fertilizers boost plantation growth,1
Greenhouse technologies enhance crop productivity,1
Livestock care in sustainable farming,1
Global warming affects agricultural yield,1
Agriculture productivity in the modern world,1
Innovations in sustainable farming,1
Hydroponic farming revolutionizes agriculture,1
Farmers in rural areas benefit from crop rotation,1
New technologies for precision farming,1
Agriculture experts recommend better irrigation systems,1
Climate change impacts crop growth patterns,1
Digital tools for farming efficiency,1
Agroforestry improves farm biodiversity,1
Insect pests and pest management in agriculture,1
Cattle farming in the agricultural economy,1
Smart irrigation systems saving water in farms,1
Crop diseases and prevention measures,1
Artificial intelligence in crop monitoring,1
Farm-to-table: Benefits of local agriculture,1
Farm machinery improving efficiency in agriculture,1
Aquaculture and its benefits to the farming industry,1
Pest-resistant crops introduced in the market,1
Agricultural policy changes to support farmers,1
The rise of vertical farming in cities,1
Agricultural subsidies and their impact on farmers,1
Challenges in global agriculture trade,1
Water management in agriculture,1
Sustainable agriculture practices gaining popularity,1
Global food security and agricultural innovations,1
Soil conservation techniques,1
Climate-smart agriculture for better crop yield,1
Agricultural drones used for crop monitoring,1
Livestock health management systems,1
Organic farming and its environmental benefits,1
Green agriculture technologies for the future,1
Regenerative agriculture and its role,1
Agri-tourism as an alternative revenue source,1
Artificial intelligence transforming agricultural research,1
The role of fertilizers in crop growth,1
New breeding techniques in agriculture,1
Agriculture sector embracing automation,1
The role of soil in sustainable agriculture,1
Urban farming gaining traction,1
Smart sensors in precision agriculture,1
Agro-climatic zone mapping for better crop yield,1
Biodiversity in farming ecosystems,1
Geospatial technologies in modern farming,1
The economic importance of agriculture in developing countries,1
Agrochemicals and their role in farming,1
Farmers' cooperative models improving agriculture productivity,1
Crops with higher resistance to extreme weather,1
Sustainable farming and food security,1
Artificial lighting in indoor farming,1
Renewable energy powering agricultural operations,1
Soil testing for better crop performance,1
Technological advancements in irrigation systems,1
Remote sensing for crop health monitoring,1
Challenges and solutions in small-scale farming,1
Advanced farming techniques for arid regions,1
Carbon sequestration in agricultural practices,1
Supply chain logistics in agriculture,1
Precision agriculture for smallholder farmers,1
Sustainable livestock farming methods,1
Agri-business growth and its impact,1
The future of aquaponics in farming,1
The benefits of crop diversification,1
Pollution control in agricultural production,1
The role of biotechnology in agriculture,1
Farming in the digital age,1
Farmers adopting renewable technologies for agriculture,1
Agri-tech startups driving the future of farming,1
Farming on sloped terrains using conservation methods,1
Improved crop varieties for better yield,1
Water-efficient irrigation techniques in agriculture,1
The role of pollinators in agriculture,1
Agrochemicals and pest control in crop management,1
Food security challenges in rural communities,1
Importance of agroecology in sustainable farming,1
Improving soil health with crop rotation,1
Vertical farming in urban landscapes,1
Biodiversity preservation through sustainable agriculture,1
Technology adoption among farmers in developing nations,1
Robotics in precision agriculture,1
Agricultural innovations tackling food scarcity,1
Agri-tech solutions for climate change adaptation,1
Health benefits of organic farming,1
Supply chain management for agricultural products,1
Crop forecasting with advanced technology,1
Agri-business and its role in rural development,1
Agriculture's role in reducing poverty,1
Introduction of drought-resistant crop varieties,1
The importance of nutrient-rich soil in agriculture,1
Sustainable management of agricultural resources,1
The role of farmers in preserving agricultural heritage,1
Farming and its impact on the environment,1
Agro-tourism as an eco-friendly option,1
Climate-resistant crop varieties for a sustainable future,1
Reducing food waste through efficient farming practices,1
Sustainable agricultural practices in developing countries,1
Harnessing technology for smarter farming,1
Supporting farmers with financial assistance programs,1
The future of agriculture in a changing world,1
Soil management techniques for sustainable farming,1
Agroforestry as a solution for deforestation,1
The impact of urbanization on agriculture,1
Plant breeding for improved crop varieties,1
The use of biopesticides in organic farming,1
Advancements in agro-science and their benefits,1
Farming in harsh environments,1
Local food systems and their economic benefits,1
Building resilience in agriculture,1
Animal welfare and sustainable farming,1
New farming tools making agriculture easier,1
The importance of education in modern farming,1
Integrated pest management in agriculture,1
The growth of community-supported agriculture,1
Reducing water waste in agriculture,1
Farming methods to reduce carbon footprint,1
Technological advancements in crop harvesting,1
Global trade and its effect on agriculture,1
The rise of organic food markets,1
Energy-efficient solutions for agricultural operations,1
Vertical farming as a space-saving method,1
The importance of crop rotation for soil fertility,1
Agricultural subsidies and their role in food security,1
The benefits of agroecological practices,1
Sustainable farming practices for a better future,1
Innovative ways to combat desertification,1
Technology-driven solutions for rural farmers,1
Water-efficient crop irrigation systems,1
